{
"geography": [
    {
        "topic": "Ģeogrāfija",
        "points": "200",
        "question": "Kura ir Francijas Galvas Pilsēta?",
        "choices": ["Parīze", "Berlīne", "Madride"],
        "answer": "Parīze"
    },
    {
        "topic": "Ģeogrāfija",
        "points": "400",
        "question": "Kura Ir Vecākā Pilsēta Latvijā?",
        "choices": ["Ludza", "Valmiera", "Cēsis"],
        "answer": "Ludza"
    },
    {
        "topic": "Ģeogrāfija",
        "points": "600",
        "question": "Kurš Ir Lielākais Kontinents?",
        "choices": ["Āfrika", "Āzija", "Austrālija"],
        "answer": "Āzija"
    },
    {
        "topic": "Ģeogrāfija",
        "points": "800",
        "question": "Garākā Upe Āfrikā?",
        "choices": ["Zambezi", "Kongo", "Nīla"],
        "answer": "Nīla"
    },
    {
        "topic": "Ģeogrāfija",
        "points": "1000",
        "question": "Pasaulē Vismazāk Apdzīvotā Pilsēta?",
        "choices": ["Parīze", "Berlīne", "Madride"],
        "answer": "Ngerulmuda"
    }
],
"songs": [
    {
        "topic": "Dziesmas",
        "points": "200",
        "question": "Kā sauc Latvijas Himnas Autoru?",
        "choices": ["Kalniņš Imants", "Kalniņš Alfrēds", "Baumaņu Kārlis"],
        "answer": "Baumaņu Kārlis"
    },
    {
        "topic": "Dziesmas",
        "points": "400",
        "question": "Kurš Ir Populārākais Mūzikas Novirziens Pasaulē?",
        "choices": ["Roks", "Hip-Hop/Rap", "Pop"],
        "answer": "Pop"
    },
    {
        "topic": "Dziesmas",
        "points": "600",
        "question": "Kurš No Šiem Singliem Ir Vispopulārākais Singls Jebkad?",
        "choices": ["Ed Sheeran - Shape of You", "Queen - Bohemian Rhapsody", "Michael Jackson - Billie Jean"],
        "answer": "Michael Jackson - Billie Jean"
    },
    {
        "topic": "Dziesmas",
        "points": "800",
        "question": "Kura Dziesma Ieguva 2020 Grammy Balvu Kā Song Of The Year?",
        "choices": ["Billie Eilish - Bad Guy", "Lewis Capaldi - Someone You Loved", "Lil Nas X ft. Billy Ray Cyrus - Old Town Road"],
        "answer": "Billie Eilish - Bad Guy"
    },
    {
        "topic": "Dziesmas",
        "points": "1000",
        "question": "Kurš Ir Dziesmas Work Hard Play Hard Autors?",
        "choices": ["Dr. Dre", "Wiz Khalifa", "2Pac"],
        "answer": "Wiz Khalifa"
    }
],
"actors": [
    {
        "topic": "Aktieri",
        "points": "200",
        "question": "Galvenās Lomas Atveidotājs Filmā Titāniks?",
        "choices": ["Steven Seagal", "Leonardo Di Kaprio", "Rowan Atkinson"],
        "answer": "Leonardo Di Kaprio"
    },
    {
        "topic": "Aktieri",
        "points": "400",
        "question": "Kurš Ieguva Labākā Aktiera Titulu 2022 Gadā?",
        "choices": ["Anthony Hopkins", "Gary Oldman", "Tom Hanks"],
        "answer": "Anthony Hopkins"
    },
    {
        "topic": "Aktieri",
        "points": "600",
        "question": "Kurš Ieguva Oskara Balvu Kā Labākais Aktieris Filmā The Godfather?",
        "choices": ["Marlon Brando", "Al Pacino", "Robert De Niro"],
        "answer": "Robert De Niro"
    },
    {
        "topic": "Aktieri",
        "points": "800",
        "question": "Kurš Aktieris Attēloja Indiana Jones Galveno Lomu?",
        "choices": ["Tom Cruise", "Sean Connery", "Harrison Ford"],
        "answer": "Harrison Ford"
    },
    {
        "topic": "Aktieri",
        "points": "1000",
        "question": "Kura Aktiere Atveidoja Moniku Seriālā Sirds Mīļā Monika?",
        "choices": ["Rēzija Kalniņa", "Mirdza Martinsone", "Dārta Daneviča"],
        "answer": "Mirdza Martinsone"
    }
],
"musicians": [
    {
        "topic": "Mūziķi",
        "points": "200",
        "question": "Kādu Instrumentu Spēlē Ģitārists?",
        "choices": ["Klavieres", "Bungas", "Ģitāru"],
        "answer": "Ģitāru"
    },
    {
        "topic": "Mūziķi",
        "points": "400",
        "question": "Kura Māksliniece Ir Zināma Kā Queen Of Pop?",
        "choices": ["Madonna", "Mariah Carey", "Whitney Houston"],
        "answer": "Madonna"
    },
    {
        "topic": "Mūziķi",
        "points": "600",
        "question": "Kurš Ir Lead Singer Grupā Queen?",
        "choices": ["Freddie Starr", "Elvis Presley", "Freddie Mercury"],
        "answer": "Freddie Mercury"
    },
    {
        "topic": "Mūziķi",
        "points": "800",
        "question": "Kurš Ir Lead Singer Grupā The Rolling Stones?",
        "choices": ["Steven Tyler", "Freddie Mercury", "Mick Jagger"],
        "answer": "Mick Jagger"
    },
    {
        "topic": "Mūziķi",
        "points": "1000",
        "question": "Kura Ir Vispopulārākā Elvis Presley Dziesma?",
        "choices": ["If I Can Dream", "Always On My Mind", "Cant Help Falling In Love"],
        "answer": "Cant Help Falling In Love"
    }
],
"animals": [
    {
        "topic": "Dzīvnieki",
        "points": "200",
        "question": "Kuram Dzīvniekam Ir garš kakls un Plankumi?",
        "choices": ["Žirafe", "Zebra", "Zīlonis"],
        "answer": "Žirafe"
    },
    {
        "topic": "Dzīvnieki",
        "points": "400",
        "question": "Lielākais Zīdītājs Uz Zemes?'",
        "choices": ["Nīlszirgs", "Grizlij Lācis", "Āfrikas Zīlonis"],
        "answer": "Āfrikas Zīlonis"
    },
    {
        "topic": "Dzīvnieki",
        "points": "600",
        "question": "Kurš Ir Ātrākais Dzīvnieks uz Zemes?",
        "choices": ["Gepards", "Leopards", "Lauva"],
        "answer": "Gepards"
    },
    {
        "topic": "Dzīvnieki",
        "points": "800",
        "question": "Kura No Šīm Zivīm Ir Zivs?",
        "choices": ["Zobenzivs", "Medūza", "Jūras Zvaigzne"],
        "answer": "Zobenzivs"
    },
    {
        "topic": "Dzīvnieki",
        "points": "1000",
        "question": "Kā Dēvē Daudz Flamingi Vienu Viet (Bars Ar Flamingo)?",
        "choices": ["Ganāmpulks", "Spiets", "Kolonija"],
        "answer": "Kolonija"
    }
],
"peoples": [
    {
        "topic": "Cilvēki",
        "points": "200",
        "question": "Kura Ķermeņa Daļa Tiek Izmantota Ožai?",
        "choices": ["Deguns", "Ausis", "Kājas"],
        "answer": "Deguns"
    },
    {
        "topic": "Cilvēki",
        "points": "400",
        "question": "Kurš Ir Lielākais Orgāns Cilvēka Ķermenī?",
        "choices": ["Aknas", "Plaušas", "Āda"],
        "answer": "Āda"
    },
    {
        "topic": "Cilvēki",
        "points": "600",
        "question": "Kurš Ir Garākais Kauls Cilvēka Ķermenī?",
        "choices": ["Stilba kauls (Tibia)", "Augšdelma kauls (Humerus)", "Ciskas kauls (Femur)"],
        "answer": "Ciskas kauls (Femur)"
    },
    {
        "topic": "Cilvēki",
        "points": "800",
        "question": "Jūtīgākais Cilvēka Orgāns?",
        "choices": ["Deguns", "Āda", "Acis"],
        "answer": "Āda"
    },
    {
        "topic": "Cilvēki",
        "points": "1000",
        "question": "Cik % No Kopējiem Skābekļa Un Asins Resursiem Patērē Smadzenes?",
        "choices": ["25%", "20%", "17%"],
        "answer": "20%"
    }
]
}   




